# pulseAmplitude,deltaCpos (at 0.65 V),CposInitial
-7.500000000000000000e-01,1.032448919117759421e-13,1.308736912980706814e-12
-7.500000000000000000e-01,-1.192583150341347262e-14,1.205492021068930872e-12
-7.500000000000000000e-01,1.824628502619533591e-14,1.217417852572344345e-12
-7.500000000000000000e-01,-8.724634234673632269e-14,1.199171567546149009e-12
-7.500000000000000000e-01,5.848644895799987217e-14,1.286417909892885332e-12
-7.500000000000000000e-01,1.613145408038874426e-14,1.227931460934885459e-12
-7.500000000000000000e-01,-1.015511411801048931e-13,1.211800006854496715e-12
-7.500000000000000000e-01,2.454561978913880519e-14,1.313351148034601608e-12
-7.500000000000000000e-01,-2.267769167046889104e-14,1.288805528245462803e-12
-7.500000000000000000e-01,1.099484315678617746e-13,1.311483219915931694e-12
-7.500000000000000000e-01,-4.646079407726346737e-15,1.201534788348069920e-12
-7.500000000000000000e-01,-6.856115674490394138e-14,1.206180867755796266e-12
-7.500000000000000000e-01,4.621476646762167391e-14,1.274742024500700208e-12
-7.500000000000000000e-01,-4.894472888865713456e-14,1.228527258033078534e-12
-7.500000000000000000e-01,1.023402341855550209e-13,1.277471986921735668e-12
-7.500000000000000000e-01,-1.188920821846519942e-13,1.175131752736180647e-12
-7.500000000000000000e-01,9.939164459051726749e-14,1.294023834920832642e-12
-7.500000000000000000e-01,1.960799507462393740e-14,1.194632190330315374e-12
-7.500000000000000000e-01,-1.081823339839054158e-14,1.175024195255691437e-12
-8.060000000000000497e-01,-8.383368717744536842e-14,1.185842428654081978e-12
-8.060000000000000497e-01,5.660913607470177252e-14,1.269676115831527347e-12
-8.060000000000000497e-01,-9.859413515741163341e-14,1.213066979756825574e-12
-8.060000000000000497e-01,7.844164048479152800e-15,1.311661114914237208e-12
-8.060000000000000497e-01,8.956059573202613941e-14,1.303816950865758055e-12
-8.060000000000000497e-01,-6.768694848981654113e-14,1.214256355133731915e-12
-8.060000000000000497e-01,-3.810454241503712702e-14,1.281943303623548457e-12
-8.060000000000000497e-01,9.851181141085535418e-14,1.320047846038585584e-12
-8.060000000000000497e-01,-8.869616248729221752e-14,1.221536034627730229e-12
-8.060000000000000497e-01,3.459405666040505101e-15,1.310232197115022447e-12
-8.060000000000000497e-01,1.240130303787973913e-13,1.306772791448981942e-12
-8.060000000000000497e-01,-8.955555474896358140e-14,1.182759761070184551e-12
-8.060000000000000497e-01,5.283061105652887417e-15,1.272315315819148132e-12
-8.060000000000000497e-01,1.124471079566296453e-14,1.267032254713495245e-12
-8.060000000000000497e-01,-3.228949101762065729e-14,1.255787543917832280e-12
-8.060000000000000497e-01,-7.513298219030383013e-15,1.288077034935452937e-12
-8.060000000000000497e-01,9.830288429179750915e-14,1.295590333154483320e-12
-8.060000000000000497e-01,-9.749218874352031712e-14,1.197287448862685811e-12
-8.060000000000000497e-01,9.554148837448607944e-15,1.294779637606206128e-12
-8.060000000000000497e-01,4.753098652910288008e-14,1.285225488768757520e-12
-8.619999999999999885e-01,-5.181507517652799628e-14,1.237694502239654640e-12
-8.619999999999999885e-01,1.084904711805498114e-13,1.289509577416182637e-12
-8.619999999999999885e-01,-1.248919851982467795e-13,1.181019106235632825e-12
-8.619999999999999885e-01,6.143673212605991856e-16,1.305911091433879605e-12
-8.619999999999999885e-01,9.511275885576873625e-14,1.305296724112619005e-12
-8.619999999999999885e-01,-6.150796575341448329e-14,1.210183965256850269e-12
-8.619999999999999885e-01,6.280279889687255684e-14,1.271691931010264753e-12
-8.619999999999999885e-01,-1.071497258715275157e-13,1.208889132113392196e-12
-8.619999999999999885e-01,3.221208544271287295e-14,1.316038857984919711e-12
-8.619999999999999885e-01,8.106088952609264548e-14,1.283826772542206838e-12
-8.619999999999999885e-01,-1.000654349555564772e-13,1.202765883016114193e-12
-8.619999999999999885e-01,1.323382280928374028e-13,1.302831317971670670e-12
-8.619999999999999885e-01,-1.201097672475999394e-13,1.170493089878833267e-12
-8.619999999999999885e-01,3.102434284989934356e-15,1.290602857126433207e-12
-8.619999999999999885e-01,4.613007509546703214e-15,1.287500422841443272e-12
-8.619999999999999885e-01,-1.370844623184623391e-14,1.282887415331896569e-12
-8.619999999999999885e-01,4.823714704351611146e-15,1.296595861563742803e-12
-8.619999999999999885e-01,1.141531311727523808e-13,1.291772146859391192e-12
-8.619999999999999885e-01,-1.130554286921785318e-13,1.177619015686638811e-12
-8.619999999999999885e-01,9.772708584114982921e-14,1.290674444378817343e-12
-9.180000000000000382e-01,-7.999603774713010050e-14,1.192947358537667514e-12
-9.180000000000000382e-01,-1.014040890053248154e-14,1.272943396284797614e-12
-9.180000000000000382e-01,8.583406735403373625e-14,1.283083805185330096e-12
-9.180000000000000382e-01,-9.201773888583484323e-14,1.197249737831296359e-12
-9.180000000000000382e-01,6.892766056108021665e-14,1.289267476717131203e-12
-9.180000000000000382e-01,-7.556198249818148152e-15,1.220339816156050986e-12
-9.180000000000000382e-01,2.714332656906743769e-14,1.227896014405869134e-12
-9.180000000000000382e-01,-4.982935803855980145e-15,1.200752687836801697e-12
-9.180000000000000382e-01,3.003687856085860661e-14,1.205735623640657677e-12
-9.180000000000000382e-01,4.113921756716617418e-15,1.175698745079799070e-12
-9.180000000000000382e-01,-1.114637575009615973e-13,1.171584823323082453e-12
-9.180000000000000382e-01,-1.041190247696835211e-14,1.283048580824044050e-12
-9.180000000000000382e-01,1.027267383213730234e-13,1.293460483301012402e-12
-9.180000000000000382e-01,-9.335513093480534647e-14,1.190733744979639379e-12
-9.180000000000000382e-01,1.084954151812170675e-13,1.284088875914444725e-12
-9.180000000000000382e-01,-1.374416920392251342e-14,1.175593460733227658e-12
-9.180000000000000382e-01,-9.181748672596036002e-14,1.189337629937150171e-12
-9.180000000000000382e-01,8.445200323388244824e-14,1.281155116663110531e-12
-9.180000000000000382e-01,-9.864365506041892115e-14,1.196703113429228083e-12
-9.180000000000000382e-01,1.169688620979655897e-13,1.295346768489647004e-12
-9.739999999999999769e-01,-2.791768869799827383e-14,1.178377906391681414e-12
-9.739999999999999769e-01,-1.117181301919283421e-14,1.206295595089679688e-12
-9.739999999999999769e-01,1.704222349596831771e-14,1.217467408108872522e-12
-9.739999999999999769e-01,-1.128940033850494743e-13,1.200425184612904204e-12
-9.739999999999999769e-01,1.103902274461811042e-13,1.313319187997953679e-12
-9.739999999999999769e-01,-1.156969835807563399e-13,1.202928960551772575e-12
-9.739999999999999769e-01,-1.748791338381761031e-15,1.318625944132528914e-12
-9.739999999999999769e-01,1.870014806338560199e-15,1.320374735470910676e-12
-9.739999999999999769e-01,9.208117730475562905e-14,1.318504720664572115e-12
-9.739999999999999769e-01,-4.848600585108977182e-14,1.226423543359816486e-12
-9.739999999999999769e-01,-3.367820606574076105e-14,1.274909549210906258e-12
-9.739999999999999769e-01,1.306334548913077758e-13,1.308587755276647019e-12
-9.739999999999999769e-01,-1.086957804613587333e-13,1.177954300385339243e-12
-9.739999999999999769e-01,-2.687277042093558248e-16,1.286650080846697977e-12
-9.739999999999999769e-01,1.018555518188865484e-13,1.286918808550907332e-12
-9.739999999999999769e-01,-5.803377875608545873e-15,1.185063256732020784e-12
-9.739999999999999769e-01,-5.354989060633769314e-15,1.190866634607629330e-12
-9.739999999999999769e-01,-9.242034713557908109e-14,1.196221623668263099e-12
-9.739999999999999769e-01,1.121064920072796987e-13,1.288641970803842180e-12
-9.739999999999999769e-01,1.877528475239777270e-15,1.176535478796562482e-12
-1.030999999999999917e+00,-4.190719982728542460e-15,1.174657950321322704e-12
-1.030999999999999917e+00,-3.899158558687192651e-14,1.178848670304051247e-12
-1.030999999999999917e+00,9.036076862346748848e-15,1.217840255890923173e-12
-1.030999999999999917e+00,-5.864943399915357969e-15,1.208804179028576425e-12
-1.030999999999999917e+00,8.800290816808349946e-15,1.214669122428491782e-12
-1.030999999999999917e+00,-9.577424838630707595e-14,1.205868831611683433e-12
-1.030999999999999917e+00,5.614123333941753975e-14,1.301643079997990508e-12
-1.030999999999999917e+00,3.257436925189307779e-14,1.245501846658572969e-12
-1.030999999999999917e+00,-9.797951788996003889e-14,1.212927477406679891e-12
-1.030999999999999917e+00,-7.283967215781118647e-16,1.310906995296639930e-12
-1.030999999999999917e+00,1.156637556860957509e-13,1.311635392018218042e-12
-1.030999999999999917e+00,1.599412037570916109e-14,1.195971636332122291e-12
-1.030999999999999917e+00,-1.085281871438750242e-13,1.179977515956413130e-12
-1.030999999999999917e+00,4.087776550336804483e-14,1.288505703100288154e-12
-1.030999999999999917e+00,-4.146268095016160852e-14,1.247627937596920109e-12
-1.030999999999999917e+00,4.296803202544046740e-14,1.289090618547081718e-12
-1.030999999999999917e+00,-5.043209884478130509e-14,1.246122586521641250e-12
-1.030999999999999917e+00,1.082564158658467175e-13,1.296554685366422555e-12
-1.030999999999999917e+00,-1.002252010431992777e-13,1.188298269500575838e-12
-1.030999999999999917e+00,1.738441592301029097e-14,1.288523470543775116e-12
-1.086999999999999966e+00,5.494418971828268173e-14,1.271139054620764825e-12
-1.086999999999999966e+00,-7.685650512661738008e-14,1.216194864902482143e-12
-1.086999999999999966e+00,6.719092491179234359e-14,1.293051370029099523e-12
-1.086999999999999966e+00,2.713197387865129858e-15,1.225860445117307179e-12
-1.086999999999999966e+00,9.303563419767697257e-15,1.223147247729442049e-12
-1.086999999999999966e+00,-6.831429366148217627e-14,1.213843684309674352e-12
-1.086999999999999966e+00,6.636674639871429966e-14,1.282157977971156529e-12
-1.086999999999999966e+00,-9.764805425336955390e-14,1.215791231572442229e-12
-1.086999999999999966e+00,-2.150288065669673522e-16,1.313439285825811783e-12
-1.086999999999999966e+00,1.034504501334949407e-13,1.313654314632378750e-12
-1.086999999999999966e+00,-1.647163124725588696e-14,1.210203864498883809e-12
-1.086999999999999966e+00,2.989125844092609113e-14,1.226675495746139696e-12
-1.086999999999999966e+00,-9.352301790235970827e-14,1.196784237305213605e-12
-1.086999999999999966e+00,1.103599436386136622e-13,1.290307255207573313e-12
-1.086999999999999966e+00,-6.702390795868562962e-15,1.179947311568959651e-12
-1.086999999999999966e+00,-1.030889748423026731e-13,1.186649702364828214e-12
-1.086999999999999966e+00,8.812470037338007837e-14,1.289738677207130887e-12
-1.086999999999999966e+00,1.098691593490583506e-14,1.201613976833750809e-12
-1.086999999999999966e+00,-1.075879307326849267e-13,1.190627060898844974e-12
-1.086999999999999966e+00,9.854366837003935118e-14,1.298214991631529901e-12
-1.143000000000000016e+00,-9.118979257880456351e-14,1.199671323261490549e-12
-1.143000000000000016e+00,8.502936525902269194e-14,1.290861115840295113e-12
-1.143000000000000016e+00,-1.062364094883031522e-13,1.205831750581272421e-12
-1.143000000000000016e+00,-6.087328079460233566e-15,1.312068160069575573e-12
-1.143000000000000016e+00,1.153341288208512857e-13,1.318155488149035807e-12
-1.143000000000000016e+00,-1.368255260043012421e-14,1.202821359328184521e-12
-1.143000000000000016e+00,1.163184448913664309e-14,1.216503911928614645e-12
-1.143000000000000016e+00,-8.066571457909246621e-15,1.204872067439478002e-12
-1.143000000000000016e+00,-9.965758923198919959e-14,1.212938638897387249e-12
-1.143000000000000016e+00,1.058401117112418317e-13,1.312596228129376448e-12
-1.143000000000000016e+00,-9.775742726286172616e-14,1.206756116418134617e-12
-1.143000000000000016e+00,9.295514357347333975e-14,1.304513543680996343e-12
-1.143000000000000016e+00,-9.716751680189338907e-14,1.211558400107523003e-12
-1.143000000000000016e+00,-2.410979157449284266e-15,1.308725916909416392e-12
-1.143000000000000016e+00,1.273051163959043584e-13,1.311136896066865676e-12
-1.143000000000000016e+00,-1.239343570397924411e-13,1.183831779670961318e-12
-1.143000000000000016e+00,1.025628818439972330e-13,1.307766136710753759e-12
-1.143000000000000016e+00,-8.596464911219915297e-14,1.205203254866756526e-12
-1.143000000000000016e+00,8.564176940528197772e-14,1.291167903978955679e-12
-1.143000000000000016e+00,6.507913862870881546e-15,1.205526134573673701e-12
-1.199000000000000066e+00,-3.211028380330209061e-14,1.199018220710802820e-12
-1.199000000000000066e+00,2.738155854574136066e-15,1.231128504514104910e-12
-1.199000000000000066e+00,-8.686924247720953769e-14,1.228390348659530774e-12
-1.199000000000000066e+00,-4.199548067656879315e-15,1.315259591136740312e-12
-1.199000000000000066e+00,3.633348984775920854e-15,1.319459139204397191e-12
-1.199000000000000066e+00,9.665631677544718606e-14,1.315825790219621271e-12
-1.199000000000000066e+00,-8.667555604720791811e-14,1.219169473444174085e-12
-1.199000000000000066e+00,9.561460065650116595e-15,1.305845029491382003e-12
-1.199000000000000066e+00,-1.572673005679025578e-14,1.296283569425731886e-12
-1.199000000000000066e+00,8.027564485668712942e-14,1.312010299482522142e-12
-1.199000000000000066e+00,3.899166829045227043e-15,1.231734654625835012e-12
-1.199000000000000066e+00,-5.021288111709018257e-14,1.227835487796789785e-12
-1.199000000000000066e+00,5.891692682640465208e-14,1.278048368913879968e-12
-1.199000000000000066e+00,1.163263260506818142e-14,1.219131442087475316e-12
-1.199000000000000066e+00,-8.698220362580218218e-14,1.207498809482407134e-12
-1.199000000000000066e+00,9.947184394876228559e-14,1.294481013108209317e-12
-1.199000000000000066e+00,-5.835851120497757972e-14,1.195009169159447031e-12
-1.199000000000000066e+00,-3.480670565710400516e-14,1.253367680364424611e-12
-1.199000000000000066e+00,6.467185431342339711e-14,1.288174386021528616e-12
-1.199000000000000066e+00,-4.698726694208451145e-14,1.223502531708105219e-12
-1.254999999999999893e+00,-1.510192992298369880e-14,1.270489798650189730e-12
-1.254999999999999893e+00,-1.357383963703757700e-14,1.285591728573173429e-12
-1.254999999999999893e+00,7.478759092461088638e-14,1.299165568210211006e-12
-1.254999999999999893e+00,-6.484172530251196650e-14,1.224377977285600120e-12
-1.254999999999999893e+00,6.748944390460969972e-14,1.289219702588112086e-12
-1.254999999999999893e+00,-7.792976210040099775e-14,1.221730258683502386e-12
-1.254999999999999893e+00,-4.208302861576669120e-15,1.299660020783903384e-12
-1.254999999999999893e+00,6.857085591288903314e-14,1.303868323645480053e-12
-1.254999999999999893e+00,-2.987423799240952715e-14,1.235297467732591020e-12
-1.254999999999999893e+00,4.987641925902398554e-14,1.265171705725000547e-12
-1.254999999999999893e+00,-7.565947278201374086e-14,1.215295286465976562e-12
-1.254999999999999893e+00,9.914313598553338705e-14,1.290954759247990303e-12
-1.254999999999999893e+00,-6.367631266351951024e-14,1.191811623262456916e-12
-1.254999999999999893e+00,-3.982589045722490476e-14,1.255487935925976426e-12
-1.254999999999999893e+00,6.780587390779537672e-14,1.295313826383201331e-12
-1.254999999999999893e+00,-7.377047324619763919e-14,1.227507952475405954e-12
-1.254999999999999893e+00,1.021626422250189834e-13,1.301278425721603593e-12
-1.254999999999999893e+00,-8.537914029983218555e-14,1.199115783496584610e-12
-1.254999999999999893e+00,-7.338427394749009788e-15,1.284494923796416795e-12
-1.254999999999999893e+00,2.988693383294258132e-14,1.291833351191165805e-12
-1.310999999999999943e+00,-1.599175911442348735e-14,1.261946417358223224e-12
-1.310999999999999943e+00,6.231519253140234139e-14,1.277938176472646711e-12
-1.310999999999999943e+00,-7.919647037517492357e-14,1.215622983941244370e-12
-1.310999999999999943e+00,2.499982893717564130e-15,1.294819454316419293e-12
-1.310999999999999943e+00,-2.179887987799466406e-14,1.292319471422701729e-12
-1.310999999999999943e+00,-7.841847729139966317e-15,1.314118351300696393e-12
-1.310999999999999943e+00,9.395263319227715173e-15,1.321960199029836359e-12
-1.310999999999999943e+00,2.828283661711230612e-15,1.312564935710608644e-12
-1.310999999999999943e+00,7.743924841806240827e-14,1.309736652048897414e-12
-1.310999999999999943e+00,-1.522783625510215516e-14,1.232297403630835005e-12
-1.310999999999999943e+00,1.437136952069307342e-14,1.247525239885937161e-12
-1.310999999999999943e+00,-7.843355079962771259e-14,1.233153870365244087e-12
-1.310999999999999943e+00,1.240857223191840574e-13,1.311587421164871800e-12
-1.310999999999999943e+00,-1.763161768322066857e-14,1.187501698845687742e-12
-1.310999999999999943e+00,1.641671346552330375e-14,1.205133316528908411e-12
-1.310999999999999943e+00,-3.814950630598666936e-14,1.188716603063385107e-12
-1.310999999999999943e+00,-6.786865277766201664e-14,1.226866109369371777e-12
-1.310999999999999943e+00,8.520501147082146392e-16,1.294734762147033793e-12
-1.310999999999999943e+00,8.848110988455211968e-14,1.293882712032325579e-12
-1.310999999999999943e+00,6.403912153560249932e-15,1.205401602147773459e-12
-1.366999999999999993e+00,-1.106841722250296490e-13,1.198997689994213209e-12
-1.366999999999999993e+00,1.506394934021016505e-14,1.309681862219242858e-12
-1.366999999999999993e+00,8.072209312681117415e-14,1.294617912879032693e-12
-1.366999999999999993e+00,-2.479547131642040829e-14,1.213895819752221519e-12
-1.366999999999999993e+00,-2.151074567622617099e-14,1.238691291068641927e-12
-1.366999999999999993e+00,2.111386423329750596e-14,1.260202036744868098e-12
-1.366999999999999993e+00,5.764625725297256926e-16,1.239088172511570592e-12
-1.366999999999999993e+00,5.656483306809419094e-15,1.238511709939040866e-12
-1.366999999999999993e+00,-7.046694220623364510e-14,1.232855226632231447e-12
-1.366999999999999993e+00,-3.125511947353324551e-15,1.303322168838465092e-12
-1.366999999999999993e+00,-8.252698679539674039e-15,1.306447680785818417e-12
-1.366999999999999993e+00,4.419821670977450368e-14,1.314700379465358091e-12
-1.366999999999999993e+00,-4.401802143669102615e-14,1.270502162755583587e-12
-1.366999999999999993e+00,9.554439738085651627e-14,1.314520184192274613e-12
-1.366999999999999993e+00,-6.773335620775610618e-14,1.218975786811418097e-12
-1.366999999999999993e+00,1.067422910692105465e-14,1.286709143019174203e-12
-1.366999999999999993e+00,6.309819676347791128e-14,1.276034913912253149e-12
-1.366999999999999993e+00,-7.917815370155954438e-15,1.212936717148775237e-12
-1.366999999999999993e+00,3.710306226828407631e-15,1.220854532518931192e-12
-1.366999999999999993e+00,4.404041437378473420e-15,1.217144226292102784e-12
-1.423000000000000043e+00,-4.441556605025473576e-14,1.212740184854724311e-12
-1.423000000000000043e+00,-5.143240777092775277e-14,1.257155750904979047e-12
-1.423000000000000043e+00,1.442309273465379354e-14,1.308588158675906799e-12
-1.423000000000000043e+00,-2.456737784993716885e-14,1.294165065941253006e-12
-1.423000000000000043e+00,2.284863151472411602e-14,1.318732443791190175e-12
-1.423000000000000043e+00,4.244914618085824025e-14,1.295883812276466059e-12
-1.423000000000000043e+00,-6.236272450809825413e-14,1.253434666095607818e-12
-1.423000000000000043e+00,3.471951201737949128e-14,1.315797390603706073e-12
-1.423000000000000043e+00,3.012054767146172726e-14,1.281077878586326581e-12
-1.423000000000000043e+00,-7.494553282996247223e-15,1.250957330914864854e-12
-1.423000000000000043e+00,-5.013333948259301257e-14,1.258451884197861101e-12
-1.423000000000000043e+00,2.532742415463896530e-14,1.308585223680454114e-12
-1.423000000000000043e+00,4.616821338699749623e-14,1.283257799525815148e-12
-1.423000000000000043e+00,-5.055367941291216050e-14,1.237089586138817652e-12
-1.423000000000000043e+00,6.896889568682505275e-15,1.287643265551729813e-12
-1.423000000000000043e+00,-2.379149717673068655e-15,1.280746375983047307e-12
-1.423000000000000043e+00,2.263672543332684393e-15,1.283125525700720376e-12
-1.423000000000000043e+00,4.469633943520066271e-14,1.280861853157387692e-12
-1.423000000000000043e+00,-5.835101136301523432e-14,1.236165513722187029e-12
-1.423000000000000043e+00,3.186962414257128483e-15,1.294516525085202263e-12
-1.479999999999999982e+00,4.282770705463369958e-14,1.291329562670945135e-12
-1.479999999999999982e+00,-2.137387247406481082e-14,1.248501855616311435e-12
-1.479999999999999982e+00,1.497285504098336423e-14,1.269875728090376246e-12
-1.479999999999999982e+00,-5.932904492005602773e-14,1.254902873049392882e-12
-1.479999999999999982e+00,4.999203972851245500e-14,1.314231917969448910e-12
-1.479999999999999982e+00,5.430945432979985632e-16,1.264239878240936455e-12
-1.479999999999999982e+00,-4.736960802712828181e-14,1.263696783697638456e-12
-1.479999999999999982e+00,-2.265889554947466899e-15,1.311066391724766738e-12
-1.479999999999999982e+00,5.134108558779801845e-14,1.313332281279714205e-12
-1.479999999999999982e+00,2.869611185135170809e-15,1.261991195691916186e-12
-1.479999999999999982e+00,-5.506451230577830462e-14,1.259121584506781015e-12
-1.479999999999999982e+00,6.094962795656468659e-14,1.314186096812559320e-12
-1.479999999999999982e+00,-2.761529240758840199e-14,1.253236468855994634e-12
-1.479999999999999982e+00,1.893187928792100009e-14,1.280851761263583036e-12
-1.479999999999999982e+00,4.193983420746394372e-14,1.261919881975662035e-12
-1.479999999999999982e+00,-1.157486201181934846e-14,1.219980047768198092e-12
-1.479999999999999982e+00,-1.074160751289267985e-14,1.231554909780017440e-12
-1.479999999999999982e+00,-5.724277774738251305e-14,1.242296517292910120e-12
-1.479999999999999982e+00,7.227118797103445857e-14,1.299539295040292633e-12
-1.479999999999999982e+00,-1.976019480033562448e-14,1.227268107069258174e-12
-1.536000000000000032e+00,-3.380989812371140375e-14,1.247028301869593799e-12
-1.536000000000000032e+00,-2.550374217748945032e-14,1.280838199993305203e-12
-1.536000000000000032e+00,-4.030329840809295742e-15,1.306341942170794653e-12
-1.536000000000000032e+00,6.981050170991053132e-14,1.310372272011603949e-12
-1.536000000000000032e+00,-6.964110670260080490e-14,1.240561770301693417e-12
-1.536000000000000032e+00,-9.192338952652162972e-15,1.310202877004294222e-12
-1.536000000000000032e+00,6.820199454308262829e-15,1.319395215956946385e-12
-1.536000000000000032e+00,5.542746699092979594e-14,1.312575016502638122e-12
-1.536000000000000032e+00,2.059984944697790755e-14,1.257147549511708327e-12
-1.536000000000000032e+00,3.191133014972556020e-16,1.236547700064730419e-12
-1.536000000000000032e+00,-2.141900654132969523e-14,1.236228586763233163e-12
-1.536000000000000032e+00,-2.541351923400547100e-14,1.257647593304562859e-12
-1.536000000000000032e+00,-1.102451748472251342e-14,1.283061112538568330e-12
-1.536000000000000032e+00,5.446624629427743039e-14,1.294085630023290843e-12
-1.536000000000000032e+00,-1.328097704902884324e-14,1.239619383729013413e-12
-1.536000000000000032e+00,-2.317376127012858144e-14,1.252900360778042256e-12
-1.536000000000000032e+00,3.167966092640755895e-14,1.276074122048170837e-12
-1.536000000000000032e+00,7.765569584672234369e-16,1.244394461121763278e-12
-1.536000000000000032e+00,3.789449699209394263e-15,1.243617904163296055e-12
-1.536000000000000032e+00,-4.000359754370402292e-14,1.239828454464086661e-12
-1.592000000000000082e+00,-1.237578525388069705e-14,1.279832052007790684e-12
-1.592000000000000082e+00,-1.558111335073088107e-14,1.292207837261671381e-12
-1.592000000000000082e+00,6.796796799883700394e-14,1.307788950612402262e-12
-1.592000000000000082e+00,-2.381314903821601571e-14,1.239820982613565258e-12
-1.592000000000000082e+00,-8.581920871357032715e-15,1.263634131651781274e-12
-1.592000000000000082e+00,-3.452878483436600914e-14,1.272216052523138306e-12
-1.592000000000000082e+00,2.286742590530132915e-14,1.306744837357504315e-12
-1.592000000000000082e+00,-2.135776542283718398e-14,1.283877411452202986e-12
-1.592000000000000082e+00,4.166618080776046688e-14,1.305235176875040170e-12
-1.592000000000000082e+00,1.656777273997124061e-14,1.263568996067279703e-12
-1.592000000000000082e+00,-1.427589227485733817e-14,1.247001223327308463e-12
-1.592000000000000082e+00,-3.989929610908544005e-14,1.261277115602165801e-12
-1.592000000000000082e+00,4.943970591409709072e-14,1.301176411711251241e-12
-1.592000000000000082e+00,1.067619974960756010e-14,1.251736705797154150e-12
-1.592000000000000082e+00,-2.006010093482463320e-14,1.241060506047546590e-12
-1.592000000000000082e+00,-3.950847044352833299e-14,1.261120606982371223e-12
-1.592000000000000082e+00,7.456907500430394988e-15,1.300629077425899556e-12
-1.592000000000000082e+00,4.621853166199182344e-14,1.293172169925469161e-12
-1.592000000000000082e+00,-6.141468265407316790e-15,1.246953638263477338e-12
-1.592000000000000082e+00,-1.970185780018035947e-14,1.253095106528884655e-12
-1.647999999999999909e+00,-3.738822656670945403e-14,1.272796964329065014e-12
-1.647999999999999909e+00,3.039956014942805737e-14,1.310185190895774468e-12
-1.647999999999999909e+00,-2.697742000439645402e-14,1.279785630746346411e-12
-1.647999999999999909e+00,-1.178931812072709860e-14,1.306763050750742865e-12
-1.647999999999999909e+00,3.909983952912656139e-14,1.318552368871469963e-12
-1.647999999999999909e+00,-2.263497657129088476e-15,1.279452529342343402e-12
-1.647999999999999909e+00,-2.474491078654661767e-14,1.281716026999472491e-12
-1.647999999999999909e+00,1.908410111759562692e-15,1.306460937786019108e-12
-1.647999999999999909e+00,3.927821121385469889e-14,1.304552527674259545e-12
-1.647999999999999909e+00,-1.481108177980901336e-14,1.265274316460404847e-12
-1.647999999999999909e+00,-2.313083945320546715e-15,1.280085398240213860e-12
-1.647999999999999909e+00,3.572958546194577125e-14,1.282398482185534407e-12
-1.647999999999999909e+00,-1.046737384091877488e-14,1.246668896723588635e-12
-1.647999999999999909e+00,-4.938692737517430365e-15,1.257136270564507410e-12
-1.647999999999999909e+00,2.746737351090625270e-15,1.262074963302024841e-12
-1.647999999999999909e+00,-4.168051530139393374e-14,1.259328225950934215e-12
-1.647999999999999909e+00,2.708632757231636515e-14,1.301008741252328149e-12
-1.647999999999999909e+00,-1.380098069287927954e-14,1.273922413680011784e-12
-1.647999999999999909e+00,-3.122491841238445007e-15,1.287723394372891064e-12
-1.647999999999999909e+00,2.508399732903927179e-14,1.290845886214129509e-12
-1.703999999999999959e+00,3.797041343809503602e-15,1.265761888885090237e-12
-1.703999999999999959e+00,-1.123365024017462756e-15,1.261964847541280733e-12
-1.703999999999999959e+00,-2.161860112443800492e-14,1.263088212565298196e-12
-1.703999999999999959e+00,-3.796980142368544688e-14,1.284706813689736201e-12
-1.703999999999999959e+00,7.771311887094533887e-15,1.322676615113421648e-12
-1.703999999999999959e+00,9.869436050561579442e-15,1.314905303226327114e-12
-1.703999999999999959e+00,2.017723564280407360e-14,1.305035867175765534e-12
-1.703999999999999959e+00,-5.150938270561522585e-15,1.284858631532961461e-12
-1.703999999999999959e+00,4.199062730782973184e-15,1.290009569803522983e-12
-1.703999999999999959e+00,-3.353518284691591618e-14,1.285810507072740010e-12
-1.703999999999999959e+00,2.063532105406608179e-14,1.319345689919655926e-12
-1.703999999999999959e+00,1.150339763123790297e-15,1.298710368865589845e-12
-1.703999999999999959e+00,1.495177761701191538e-14,1.297560029102466054e-12
-1.703999999999999959e+00,1.458588260997589142e-14,1.282608251485454139e-12
-1.703999999999999959e+00,-2.353210033345032048e-14,1.268022368875478247e-12
-1.703999999999999959e+00,4.978595820867101751e-15,1.291554469208928568e-12
-1.703999999999999959e+00,6.385940120798394059e-15,1.286575873388061466e-12
-1.703999999999999959e+00,2.221851871725208253e-14,1.280189933267263072e-12
-1.703999999999999959e+00,-3.055250241000074678e-14,1.257971414550010990e-12
-1.703999999999999959e+00,2.821571174387230756e-14,1.288523916960011736e-12
-1.760000000000000009e+00,-4.622535633756708559e-14,1.260308205216139429e-12
-1.760000000000000009e+00,3.619465080861663656e-14,1.306533561553706514e-12
-1.760000000000000009e+00,4.975122124622506277e-15,1.270338910745089878e-12
-1.760000000000000009e+00,-2.733290360224000191e-14,1.265363788620467372e-12
-1.760000000000000009e+00,4.686913095078587609e-15,1.292696692222707373e-12
-1.760000000000000009e+00,-2.791850622374013788e-14,1.288009779127628786e-12
-1.760000000000000009e+00,2.760488230358333300e-14,1.315928285351368924e-12
-1.760000000000000009e+00,-8.781612633859886789e-15,1.288323403047785591e-12
-1.760000000000000009e+00,6.042440135144022733e-15,1.297105015681645478e-12
-1.760000000000000009e+00,6.653227056703026821e-15,1.291062575546501455e-12
-1.760000000000000009e+00,-1.625778792987876532e-15,1.284409348489798428e-12
-1.760000000000000009e+00,4.907995214648966513e-16,1.286035127282786305e-12
-1.760000000000000009e+00,1.549159721821672473e-14,1.285544327761321408e-12
-1.760000000000000009e+00,-1.154987947434313676e-14,1.270052730543104683e-12
-1.760000000000000009e+00,1.768540265474880155e-14,1.281602610017447820e-12
-1.760000000000000009e+00,-3.184504532882068952e-15,1.263917207362699018e-12
-1.760000000000000009e+00,-4.017141823736918458e-14,1.267101711895581087e-12
-1.760000000000000009e+00,7.378865364205630459e-15,1.307273130132950272e-12
-1.760000000000000009e+00,2.622580833699262199e-15,1.299894264768744641e-12
-1.760000000000000009e+00,2.966998219080647437e-14,1.297271683935045379e-12
-1.816000000000000059e+00,-1.280051644542311722e-14,1.267601701744238905e-12
-1.816000000000000059e+00,-3.277660523598183206e-14,1.280402218189662022e-12
-1.816000000000000059e+00,1.771091065714363363e-14,1.313178823425643854e-12
-1.816000000000000059e+00,-1.031461240913980413e-14,1.295467912768500220e-12
-1.816000000000000059e+00,1.028682835172264922e-14,1.305782525177640025e-12
-1.816000000000000059e+00,1.662201679216520945e-14,1.295495696825917375e-12
-1.816000000000000059e+00,-2.995552967766056940e-14,1.278873680033752166e-12
-1.816000000000000059e+00,1.497798515984026467e-14,1.308829209711412735e-12
-1.816000000000000059e+00,-8.944960039594078308e-15,1.293851224551572471e-12
-1.816000000000000059e+00,-2.153198580701568695e-14,1.302796184591166549e-12
-1.816000000000000059e+00,3.221355707340695863e-14,1.324328170398182236e-12
-1.816000000000000059e+00,9.052066977247367825e-16,1.292114613324775277e-12
-1.816000000000000059e+00,-4.848171127603319720e-16,1.291209406627050541e-12
-1.816000000000000059e+00,3.034472084539323574e-16,1.291694223739810872e-12
-1.816000000000000059e+00,1.019687086156259640e-14,1.291390776531356940e-12
-1.816000000000000059e+00,-2.447146417384281471e-14,1.281193905669794344e-12
-1.816000000000000059e+00,3.160131372458105655e-15,1.305665369843637158e-12
-1.816000000000000059e+00,7.637784616097288155e-15,1.302505238471179053e-12
-1.816000000000000059e+00,-2.283434872151633128e-15,1.294867453855081765e-12
-1.816000000000000059e+00,2.342914628676093236e-14,1.297150888727233398e-12
-1.872000000000000108e+00,-2.704575570488590102e-14,1.273721742440472465e-12
-1.872000000000000108e+00,-1.251346315480301259e-14,1.300767498145358366e-12
-1.872000000000000108e+00,4.298507905592259976e-14,1.313280961300161379e-12
-1.872000000000000108e+00,-5.997357525620206926e-15,1.270295882244238779e-12
-1.872000000000000108e+00,-3.236112174459224691e-14,1.276293239769858986e-12
-1.872000000000000108e+00,-3.510408064688946361e-15,1.308654361514451233e-12
-1.872000000000000108e+00,-2.278061319490035684e-15,1.312164769579140179e-12
-1.872000000000000108e+00,2.679813564403024425e-14,1.314442830898630215e-12
-1.872000000000000108e+00,-1.921120988294550964e-14,1.287644695254599971e-12
-1.872000000000000108e+00,1.431439036409759855e-14,1.306855905137545481e-12
-1.872000000000000108e+00,7.196870667059953677e-15,1.292541514773447882e-12
-1.872000000000000108e+00,-6.704023246924242995e-15,1.285344644106387928e-12
-1.872000000000000108e+00,7.905128395115494189e-15,1.292048667353312171e-12
-1.872000000000000108e+00,5.018562449591955777e-15,1.284143538958196677e-12
-1.872000000000000108e+00,2.072156167163842338e-15,1.279124976508604721e-12
-1.872000000000000108e+00,-5.308834876277851163e-15,1.277052820341440879e-12
-1.872000000000000108e+00,-1.988030131782986473e-14,1.282361655217718730e-12
-1.872000000000000108e+00,6.035938281210211567e-15,1.302241956535548595e-12
-1.872000000000000108e+00,5.526133018923383122e-15,1.296206018254338383e-12
-1.872000000000000108e+00,-1.594868131795724311e-14,1.290679885235415000e-12
-1.929000000000000048e+00,1.620220378347820821e-14,1.306628566553372243e-12
-1.929000000000000048e+00,-1.269841456367974617e-14,1.290426362769894035e-12
-1.929000000000000048e+00,-1.438387251012072363e-14,1.303124777333573781e-12
-1.929000000000000048e+00,3.970156789724163340e-15,1.317508649843694505e-12
-1.929000000000000048e+00,9.648398883407096322e-15,1.313538493053970342e-12
-1.929000000000000048e+00,-3.799009515335530415e-16,1.303890094170563245e-12
-1.929000000000000048e+00,-7.431218959913636569e-15,1.304269995122096798e-12
-1.929000000000000048e+00,-4.178254436851289693e-15,1.311701214082010435e-12
-1.929000000000000048e+00,2.000638687989117687e-14,1.315879468518861725e-12
-1.929000000000000048e+00,-7.928186671647997249e-15,1.295873081638970548e-12
-1.929000000000000048e+00,6.323445694861044340e-15,1.303801268310618545e-12
-1.929000000000000048e+00,-3.771547453412785812e-15,1.297477822615757501e-12
-1.929000000000000048e+00,3.684562229417679105e-15,1.301249370069170286e-12
-1.929000000000000048e+00,6.007700320468850132e-15,1.297564807839752607e-12
-1.929000000000000048e+00,-2.148190409088706138e-15,1.291557107519283757e-12
-1.929000000000000048e+00,3.576486020330255621e-15,1.293705297928372463e-12
-1.929000000000000048e+00,3.160996961932753044e-15,1.290128811908042208e-12
-1.929000000000000048e+00,-7.458738625173567975e-15,1.286967814946109455e-12
-1.929000000000000048e+00,4.509182811788364953e-15,1.294426553571283023e-12
-1.929000000000000048e+00,2.055138554789307525e-14,1.289917370759494658e-12
-1.985000000000000098e+00,-2.388981130916072509e-14,1.269365985211601582e-12
-1.985000000000000098e+00,1.276378954492537924e-14,1.293255796520762308e-12
-1.985000000000000098e+00,-1.486467446831519367e-14,1.280492006975836928e-12
-1.985000000000000098e+00,-2.316958262473575923e-14,1.295356681444152122e-12
-1.985000000000000098e+00,9.043274851457872377e-15,1.318526264068887881e-12
-1.985000000000000098e+00,3.558964252195167753e-15,1.309482989217430009e-12
-1.985000000000000098e+00,-4.717964458980824681e-15,1.305924024965234841e-12
-1.985000000000000098e+00,1.427846730317097941e-15,1.310641989424215666e-12
-1.985000000000000098e+00,1.196002095141547961e-14,1.309214142693898568e-12
-1.985000000000000098e+00,-1.057699850769753902e-14,1.297254121742483088e-12
-1.985000000000000098e+00,2.145777415001226446e-14,1.307831120250180627e-12
-1.985000000000000098e+00,-5.415940380670284989e-15,1.286373346100168363e-12
-1.985000000000000098e+00,-5.873351688996151194e-15,1.291789286480838648e-12
-1.985000000000000098e+00,6.215255355669563829e-15,1.297662638169834799e-12
-1.985000000000000098e+00,1.750723700546899420e-14,1.291447382814165235e-12
-1.985000000000000098e+00,-1.836977590285645354e-14,1.273940145808696241e-12
-1.985000000000000098e+00,2.452198726058363521e-15,1.292309921711552694e-12
-1.985000000000000098e+00,-2.734919273035370323e-15,1.289857722985494331e-12
-1.985000000000000098e+00,1.170521933064163642e-14,1.292592642258529701e-12
-1.985000000000000098e+00,-1.186627311925593976e-14,1.280887422927888065e-12
-2.040999999999999925e+00,-5.577996886319224800e-15,1.292753696047144005e-12
-2.040999999999999925e+00,-6.427177218004223869e-15,1.298331692933463229e-12
-2.040999999999999925e+00,-2.545124927904057838e-15,1.304758870151467453e-12
-2.040999999999999925e+00,-1.273490526131004253e-14,1.307303995079371511e-12
-2.040999999999999925e+00,3.656294124922730428e-15,1.320038900340681554e-12
-2.040999999999999925e+00,4.718866004462699766e-15,1.316382606215758823e-12
-2.040999999999999925e+00,-7.052421955918640324e-15,1.311663740211296123e-12
-2.040999999999999925e+00,4.140393403475609203e-14,1.318716162167214764e-12
-2.040999999999999925e+00,-3.555695390890091141e-14,1.277312228132458672e-12
-2.040999999999999925e+00,-3.886088920197884379e-15,1.312869182041359583e-12
-2.040999999999999925e+00,1.071673354022189894e-14,1.316755270961557467e-12
-2.040999999999999925e+00,8.254280835961103497e-15,1.306038537421335569e-12
-2.040999999999999925e+00,2.596378169501992240e-15,1.297784256585374465e-12
-2.040999999999999925e+00,1.003383076410520124e-14,1.295187878415872473e-12
-2.040999999999999925e+00,-5.624786593676284555e-15,1.285154047651767272e-12
-2.040999999999999925e+00,1.174706819430280052e-14,1.290778834245443556e-12
-2.040999999999999925e+00,-8.100948637874939152e-15,1.279031766051140756e-12
-2.040999999999999925e+00,-7.062457539559203098e-15,1.287132714689015695e-12
-2.040999999999999925e+00,1.596809913038366431e-15,1.294195172228574898e-12
-2.040999999999999925e+00,5.768768593174331631e-15,1.292598362315536531e-12
-2.096999999999999975e+00,1.636882640453853179e-15,1.286829593722362200e-12
-2.096999999999999975e+00,-1.228700924940459085e-14,1.285192711081908347e-12
-2.096999999999999975e+00,-2.080074676993554061e-14,1.297479720331312937e-12
-2.096999999999999975e+00,3.295485888284031284e-15,1.318280467101248478e-12
-2.096999999999999975e+00,2.722044545666142865e-15,1.314984981212964447e-12
-2.096999999999999975e+00,6.782964245061287495e-15,1.312262936667298304e-12
-2.096999999999999975e+00,-7.208859685926382450e-15,1.305479972422237016e-12
-2.096999999999999975e+00,1.524863664523846933e-15,1.312688832108163399e-12
-2.096999999999999975e+00,1.190863925378215290e-15,1.311163968443639552e-12
-2.096999999999999975e+00,-9.572962917485913234e-16,1.309973104518261337e-12
-2.096999999999999975e+00,-6.707621777106748103e-15,1.310930400810009928e-12
-2.096999999999999975e+00,-1.942444095338098011e-16,1.317638022587116676e-12
-2.096999999999999975e+00,9.488328776790188402e-15,1.317832266996650486e-12
-2.096999999999999975e+00,-6.786728819224499987e-16,1.308343938219860297e-12
-2.096999999999999975e+00,6.082744763734558090e-15,1.309022611101782747e-12
-2.096999999999999975e+00,-1.960940503468428700e-16,1.302939866338048189e-12
-2.096999999999999975e+00,8.416455485535119379e-15,1.303135960388395032e-12
-2.096999999999999975e+00,1.256675262164975236e-14,1.294719504902859913e-12
-2.096999999999999975e+00,-1.541285199061666836e-14,1.282152752281210161e-12
-2.096999999999999975e+00,4.969186436127050745e-15,1.297565604271826829e-12
-2.153000000000000025e+00,-1.536277993790236042e-14,1.292596417835699778e-12
-2.153000000000000025e+00,6.442631365659908258e-15,1.307959197773602139e-12
-2.153000000000000025e+00,-2.275270511761379968e-14,1.301516566407942230e-12
-2.153000000000000025e+00,3.602003032334213390e-14,1.324269271525556030e-12
-2.153000000000000025e+00,1.982586144197900866e-16,1.288249241202213896e-12
-2.153000000000000025e+00,-2.990617130842079389e-14,1.288050982587794106e-12
-2.153000000000000025e+00,2.296436816331511538e-14,1.317957153896214900e-12
-2.153000000000000025e+00,-2.597596905754251221e-15,1.294992785732899785e-12
-2.153000000000000025e+00,2.378053127889500749e-14,1.297590382638654036e-12
-2.153000000000000025e+00,-1.239180015437777166e-14,1.273809851359759028e-12
-2.153000000000000025e+00,-8.745460008778517437e-15,1.286201651514136800e-12
-2.153000000000000025e+00,8.715047357231812897e-15,1.294947111522915317e-12
-2.153000000000000025e+00,-2.385110327385886062e-14,1.286232064165683504e-12
-2.153000000000000025e+00,1.058426488812533640e-14,1.310083167439542365e-12
-2.153000000000000025e+00,6.153034919956284897e-15,1.299498902551417029e-12
-2.153000000000000025e+00,-2.108984834908581003e-15,1.293345867631460744e-12
-2.153000000000000025e+00,6.829152918749196755e-15,1.295454852466369325e-12
-2.153000000000000025e+00,-9.956750302043134629e-15,1.288625699547620128e-12
-2.153000000000000025e+00,1.286529852370418207e-15,1.298582449849663263e-12
-2.153000000000000025e+00,-2.057369524204893513e-15,1.297295919997292844e-12
-2.209000000000000075e+00,-1.440582532043206788e-14,1.299353289521497738e-12
-2.209000000000000075e+00,9.103813136738645630e-15,1.313759114841929806e-12
-2.209000000000000075e+00,-4.085015063267104877e-15,1.304655301705191160e-12
-2.209000000000000075e+00,-1.299348608787235887e-14,1.308740316768458265e-12
-2.209000000000000075e+00,9.792497385059062949e-15,1.321733802856330624e-12
-2.209000000000000075e+00,2.251345465282273185e-15,1.311941305471271561e-12
-2.209000000000000075e+00,3.719399738140351627e-15,1.309689960005989288e-12
-2.209000000000000075e+00,-1.127239596989263431e-14,1.305970560267848936e-12
-2.209000000000000075e+00,8.063965216899898162e-15,1.317242956237741570e-12
-2.209000000000000075e+00,-8.643473635346908040e-15,1.309178991020841672e-12
-2.209000000000000075e+00,7.320570972734611941e-15,1.317822464656188580e-12
-2.209000000000000075e+00,4.942506515584157572e-15,1.310501893683453968e-12
-2.209000000000000075e+00,3.107420499612908541e-15,1.305559387167869811e-12
-2.209000000000000075e+00,2.792128219301970312e-15,1.302451966668256902e-12
-2.209000000000000075e+00,1.419967041946665250e-14,1.299659838448954932e-12
-2.209000000000000075e+00,-4.803031228485703440e-15,1.285460168029488280e-12
-2.209000000000000075e+00,-7.272405165832792823e-15,1.290263199257973983e-12
-2.209000000000000075e+00,-8.019301288163157629e-15,1.297535604423806776e-12
-2.209000000000000075e+00,4.770606704729753835e-15,1.305554905711969933e-12
-2.209000000000000075e+00,-5.644243931636210787e-15,1.300784299007240180e-12
-2.265000000000000124e+00,-1.054945400638939502e-14,1.306428542938876390e-12
-2.265000000000000124e+00,-3.428947393773323176e-15,1.316977996945265785e-12
-2.265000000000000124e+00,1.208400128049494681e-14,1.320406944339039109e-12
-2.265000000000000124e+00,4.178971876001664615e-15,1.308322943058544162e-12
-2.265000000000000124e+00,4.553408789349527573e-15,1.304143971182542497e-12
-2.265000000000000124e+00,4.056359811024049867e-15,1.299590562393192970e-12
-2.265000000000000124e+00,-3.733045286954251675e-15,1.295534202582168920e-12
-2.265000000000000124e+00,-1.167374449679266217e-14,1.299267247869123171e-12
-2.265000000000000124e+00,9.766169803252019847e-15,1.310940992365915834e-12
-2.265000000000000124e+00,-7.524401474144972088e-15,1.301174822562663814e-12
-2.265000000000000124e+00,2.577600532956753046e-15,1.308699224036808786e-12
-2.265000000000000124e+00,-2.035154347120973194e-15,1.306121623503852033e-12
-2.265000000000000124e+00,4.515210598685101547e-15,1.308156777850973006e-12
-2.265000000000000124e+00,1.296625249193869664e-14,1.303641567252287904e-12
-2.265000000000000124e+00,-2.529369845917608081e-15,1.290675314760349208e-12
-2.265000000000000124e+00,-1.243555940617907152e-14,1.293204684606266816e-12
-2.265000000000000124e+00,4.515053503544118577e-15,1.305640244012445887e-12
-2.265000000000000124e+00,9.826295160452653544e-15,1.301125190508901769e-12
-2.265000000000000124e+00,3.271469400050148280e-15,1.291298895348449115e-12
-2.265000000000000124e+00,-1.124033828179983374e-14,1.288027425948398967e-12
-2.321000000000000174e+00,-1.550828857248088439e-14,1.299267764230198801e-12
-2.321000000000000174e+00,1.196793688209044742e-15,1.314776052802679685e-12
-2.321000000000000174e+00,5.189914336794385580e-15,1.313579259114470640e-12
-2.321000000000000174e+00,-1.214096673103462613e-14,1.308389344777676255e-12
-2.321000000000000174e+00,5.014091550880500420e-15,1.320530311508710881e-12
-2.321000000000000174e+00,8.004972577380049281e-15,1.315516219957830380e-12
-2.321000000000000174e+00,-1.870954846550864643e-14,1.307511247380450331e-12
-2.321000000000000174e+00,9.591471020396718393e-15,1.326220795845958978e-12
-2.321000000000000174e+00,-7.363361881016671569e-15,1.316629324825562259e-12
-2.321000000000000174e+00,1.452043495280380400e-14,1.323992686706578931e-12
-2.321000000000000174e+00,4.565425110716826671e-15,1.309472251753775127e-12
-2.321000000000000174e+00,-2.084481325996702936e-15,1.304906826643058300e-12
-2.321000000000000174e+00,-4.910004974349594836e-15,1.306991307969055003e-12
-2.321000000000000174e+00,1.258752804703513414e-14,1.311901312943404598e-12
-2.321000000000000174e+00,-6.926906206269169393e-15,1.299313784896369464e-12
-2.321000000000000174e+00,1.164522099029946121e-14,1.306240691102638633e-12
-2.321000000000000174e+00,-2.677549684170228325e-15,1.294595470112339172e-12
-2.321000000000000174e+00,-2.500481458043713791e-15,1.297273019796509400e-12
-2.321000000000000174e+00,2.874252191781233048e-15,1.299773501254553114e-12
-2.321000000000000174e+00,-3.979065806991160019e-15,1.296899249062771881e-12
-2.378000000000000114e+00,-1.780343877244041523e-14,1.300878314869763041e-12
-2.378000000000000114e+00,9.642379300689421472e-16,1.318681753642203456e-12
-2.378000000000000114e+00,-9.727636471394899628e-16,1.317717515712134514e-12
-2.378000000000000114e+00,1.300637707379439283e-14,1.318690279359274004e-12
-2.378000000000000114e+00,-1.094237885938251078e-14,1.305683902285479611e-12
-2.378000000000000114e+00,-1.124436351932880688e-14,1.316626281144862122e-12
-2.378000000000000114e+00,9.761498935361004791e-15,1.327870644664190929e-12
-2.378000000000000114e+00,3.558304268956422492e-14,1.318109145728829924e-12
-2.378000000000000114e+00,-3.722567737183313283e-14,1.282526103039265699e-12
-2.378000000000000114e+00,-1.094150100997743998e-14,1.319751780411098832e-12
-2.378000000000000114e+00,1.841703918490363999e-14,1.330693281421076272e-12
-2.378000000000000114e+00,-3.185243819486392946e-15,1.312276242236172632e-12
-2.378000000000000114e+00,1.659765019014310113e-14,1.315461486055659025e-12
-2.378000000000000114e+00,-1.070949730598783122e-14,1.298863835865515924e-12
-2.378000000000000114e+00,1.684458099981621068e-14,1.309573333171503755e-12
-2.378000000000000114e+00,-4.712052495763910875e-15,1.292728752171687544e-12
-2.378000000000000114e+00,-1.059528242429180804e-15,1.297440804667451455e-12
-2.378000000000000114e+00,6.753278786358688447e-15,1.298500332909880636e-12
-2.378000000000000114e+00,-9.237036749934971538e-15,1.291747054123521948e-12
-2.378000000000000114e+00,6.585510548605315115e-15,1.300984090873456919e-12
-2.434000000000000163e+00,-1.812165195699469414e-14,1.294398580324851604e-12
-2.434000000000000163e+00,7.259714496881194002e-15,1.312520232281846298e-12
-2.434000000000000163e+00,7.271452885736350900e-15,1.305260517784965104e-12
-2.434000000000000163e+00,-2.237780422337750728e-14,1.297989064899228753e-12
-2.434000000000000163e+00,1.177106242515112719e-14,1.320366869122606261e-12
-2.434000000000000163e+00,1.072164114276136205e-14,1.308595806697455133e-12
-2.434000000000000163e+00,2.440092389941590509e-15,1.297874165554693771e-12
-2.434000000000000163e+00,-1.687649324384101427e-15,1.295434073164752181e-12
-2.434000000000000163e+00,9.321141899398109671e-15,1.297121722489136282e-12
-2.434000000000000163e+00,-2.341851426402148865e-14,1.287800580589738173e-12
-2.434000000000000163e+00,1.104736309077006151e-14,1.311219094853759661e-12
-2.434000000000000163e+00,1.249024566392571479e-14,1.300171731762989600e-12
-2.434000000000000163e+00,-2.624651597384617920e-15,1.287681486099063885e-12
-2.434000000000000163e+00,-2.150012773431814627e-15,1.290306137696448503e-12
-2.434000000000000163e+00,-9.436677049264749171e-15,1.292456150469880317e-12
-2.434000000000000163e+00,9.807534332990317923e-15,1.301892827519145067e-12
-2.434000000000000163e+00,-9.191982769989427113e-15,1.292085293186154749e-12
-2.434000000000000163e+00,9.619628166477575146e-16,1.301277275956144176e-12
-2.434000000000000163e+00,-5.134647774628543868e-15,1.300315313139496418e-12
-2.434000000000000163e+00,1.816918021602569263e-15,1.305449960914124962e-12
-2.490000000000000213e+00,-7.255207281739359713e-16,1.303633042892522393e-12
-2.490000000000000213e+00,-9.315875170392992663e-15,1.304358563620696329e-12
-2.490000000000000213e+00,-3.954138956077150307e-15,1.313674438791089322e-12
-2.490000000000000213e+00,1.281090928711896941e-15,1.317628577747166472e-12
-2.490000000000000213e+00,1.294889788307278424e-14,1.316347486818454575e-12
-2.490000000000000213e+00,-7.861554908019028294e-15,1.303398588935381791e-12
-2.490000000000000213e+00,-1.163647202173350208e-14,1.311260143843400819e-12
-2.490000000000000213e+00,3.535870540535511586e-14,1.322896615865134321e-12
-2.490000000000000213e+00,-1.928097893871040626e-14,1.287537910459779205e-12
-2.490000000000000213e+00,1.890052301531194238e-14,1.306818889398489611e-12
-2.490000000000000213e+00,-1.035543717403849355e-14,1.287918366383177669e-12
-2.490000000000000213e+00,5.692315077833729844e-15,1.298273803557216163e-12
-2.490000000000000213e+00,-1.128693116508119702e-14,1.292581488479382433e-12
-2.490000000000000213e+00,-2.930520588317393641e-15,1.303868419644463630e-12
-2.490000000000000213e+00,3.293001470798209101e-15,1.306798940232781023e-12
-2.490000000000000213e+00,9.211795724251661598e-15,1.303505938761982814e-12
-2.490000000000000213e+00,-1.412574334981828751e-14,1.294294143037731153e-12
-2.490000000000000213e+00,1.120081355085345838e-14,1.308419886387549440e-12
-2.490000000000000213e+00,-7.706855360697615742e-15,1.297219072836695982e-12
-2.490000000000000213e+00,8.610834635552681760e-15,1.304925928197393598e-12
-2.545999999999999819e+00,-2.862616568527266688e-14,1.296315093561840916e-12
-2.545999999999999819e+00,4.566801886356730742e-16,1.324941259247113583e-12
-2.545999999999999819e+00,3.158402678629375987e-15,1.324484579058477910e-12
-2.545999999999999819e+00,7.111562472128143475e-15,1.321326176379848534e-12
-2.545999999999999819e+00,-3.449618662145111277e-15,1.314214613907720390e-12
-2.545999999999999819e+00,-1.251003169236283480e-15,1.317664232569865501e-12
-2.545999999999999819e+00,1.780093878167104279e-14,1.318915235739101785e-12
-2.545999999999999819e+00,9.501555140105775012e-15,1.301114296957430742e-12
-2.545999999999999819e+00,5.212561648972715490e-15,1.291612741817324967e-12
-2.545999999999999819e+00,4.342960058391491177e-16,1.286400180168352252e-12
-2.545999999999999819e+00,-1.421801394293920990e-14,1.285965884162513103e-12
-2.545999999999999819e+00,8.124840787922508339e-15,1.300183898105452312e-12
-2.545999999999999819e+00,-5.652931433197440085e-15,1.292059057317529804e-12
-2.545999999999999819e+00,-4.198163264494086707e-15,1.297711988750727244e-12
-2.545999999999999819e+00,6.700537776751761308e-15,1.301910152015221331e-12
-2.545999999999999819e+00,-1.295977463942866780e-14,1.295209614238469570e-12
-2.545999999999999819e+00,-5.598932187859726535e-15,1.308169388877898237e-12
-2.545999999999999819e+00,9.289767465869874500e-15,1.313768321065757964e-12
-2.545999999999999819e+00,7.406503561963779392e-15,1.304478553599888089e-12
-2.545999999999999819e+00,-1.077869261258680699e-14,1.297072050037924310e-12
-2.601999999999999869e+00,-1.181522789849207472e-14,1.307850742650511117e-12
-2.601999999999999869e+00,-5.770329014132696551e-15,1.319665970549003192e-12
-2.601999999999999869e+00,6.794255136716321687e-15,1.325436299563135888e-12
-2.601999999999999869e+00,9.659860010596818975e-15,1.318642044426419567e-12
-2.601999999999999869e+00,2.524726609170521244e-14,1.308982184415822748e-12
-2.601999999999999869e+00,-4.073168149573840671e-14,1.283734918324117535e-12
-2.601999999999999869e+00,1.029725841865986012e-15,1.324466599819855942e-12
-2.601999999999999869e+00,8.984560759254781306e-15,1.323436873977989956e-12
-2.601999999999999869e+00,1.442194065914065052e-14,1.314452313218735175e-12
-2.601999999999999869e+00,1.370338381049473799e-14,1.300030372559594524e-12
-2.601999999999999869e+00,-2.634142855104000387e-15,1.286326988749099786e-12
-2.601999999999999869e+00,-3.061900630590997434e-15,1.288961131604203786e-12
-2.601999999999999869e+00,1.425242158639408868e-14,1.292023032234794784e-12
-2.601999999999999869e+00,-2.749451978463280513e-14,1.277770610648400695e-12
-2.601999999999999869e+00,6.591933432416262792e-15,1.305265130433033500e-12
-2.601999999999999869e+00,-1.000035418712137331e-14,1.298673197000617238e-12
-2.601999999999999869e+00,3.723364883557518658e-16,1.308673551187738611e-12
-2.601999999999999869e+00,3.253530575265815883e-15,1.308301214699382859e-12
-2.601999999999999869e+00,1.010781792073043058e-14,1.305047684124117043e-12
-2.601999999999999869e+00,-1.316278195226352289e-14,1.294939866203386612e-12
-2.657999999999999918e+00,-1.827033173485877348e-14,1.308102648155650135e-12
-2.657999999999999918e+00,1.499066157903950054e-15,1.326372979890508909e-12
-2.657999999999999918e+00,3.112428059760028833e-15,1.324873913732604959e-12
-2.657999999999999918e+00,9.067934146596772657e-15,1.321761485672844930e-12
-2.657999999999999918e+00,-1.970236383933199045e-15,1.312693551526248157e-12
-2.657999999999999918e+00,-2.062435404645573159e-15,1.314663787910181356e-12
-2.657999999999999918e+00,7.033773783133287689e-15,1.316726223314826930e-12
-2.657999999999999918e+00,3.980082022712703534e-15,1.309692449531693642e-12
-2.657999999999999918e+00,2.106120983178293189e-15,1.305712367508980938e-12
-2.657999999999999918e+00,5.591936522598952483e-16,1.303606246525802645e-12
-2.657999999999999918e+00,3.966645353069275481e-15,1.303047052873542750e-12
-2.657999999999999918e+00,6.755122401258298191e-15,1.299080407520473474e-12
-2.657999999999999918e+00,-1.575873321700540650e-15,1.292325285119215176e-12
-2.657999999999999918e+00,-6.459292859469339151e-15,1.293901158440915717e-12
-2.657999999999999918e+00,3.161095783881205911e-15,1.300360451300385056e-12
-2.657999999999999918e+00,-1.235079434428554493e-14,1.297199355516503850e-12
-2.657999999999999918e+00,8.850175455749060311e-15,1.309550149860789395e-12
-2.657999999999999918e+00,3.837305832525389872e-15,1.300699974405040335e-12
-2.657999999999999918e+00,-5.761321382478592342e-15,1.296862668572514945e-12
-2.657999999999999918e+00,2.376625159228134521e-15,1.302623989954993537e-12
-2.713999999999999968e+00,-1.754598158831501608e-14,1.300247364795765403e-12
-2.713999999999999968e+00,4.342297177191708909e-15,1.317793346384080419e-12
-2.713999999999999968e+00,-1.296921448569698617e-14,1.313451049206888710e-12
-2.713999999999999968e+00,1.445548667038726360e-14,1.326420263692585696e-12
-2.713999999999999968e+00,-5.823578415093831205e-15,1.311964777022198432e-12
-2.713999999999999968e+00,-1.819735202772961985e-15,1.317788355437292264e-12
-2.713999999999999968e+00,-1.902865351646251877e-15,1.319608090640065226e-12
-2.713999999999999968e+00,-8.206404246046487313e-16,1.321510955991711477e-12
-2.713999999999999968e+00,2.707870204265303076e-14,1.322331596416316126e-12
-2.713999999999999968e+00,-2.624726296664260237e-14,1.295252894373663095e-12
-2.713999999999999968e+00,9.455059274911466520e-15,1.321500157340305698e-12
-2.713999999999999968e+00,-8.443269465930859547e-15,1.312045098065394231e-12
-2.713999999999999968e+00,1.042191661309497444e-14,1.320488367531325091e-12
-2.713999999999999968e+00,3.901010055709353042e-15,1.310066450918230116e-12
-2.713999999999999968e+00,-1.113144188012591299e-14,1.306165440862520763e-12
-2.713999999999999968e+00,2.302961774257594019e-14,1.317296882742646676e-12
-2.713999999999999968e+00,-6.155807070258880354e-15,1.294267265000070736e-12
-2.713999999999999968e+00,-6.828186538833946099e-15,1.300423072070329617e-12
-2.713999999999999968e+00,1.196754513903617159e-14,1.307251258609163563e-12
-2.713999999999999968e+00,-2.323944265882507050e-14,1.295283713470127391e-12
-2.770000000000000018e+00,1.204528545771715937e-15,1.318523156128952462e-12
-2.770000000000000018e+00,-7.954863854369071559e-16,1.317318627583180746e-12
-2.770000000000000018e+00,5.596151900820754237e-15,1.318114113968617653e-12
-2.770000000000000018e+00,-5.509680118358217165e-15,1.312517962067796899e-12
-2.770000000000000018e+00,-9.556090956908519651e-16,1.318027642186155116e-12
-2.770000000000000018e+00,-6.215992524353660028e-15,1.318983251281845968e-12
-2.770000000000000018e+00,1.076020216197886508e-14,1.325199243806199628e-12
-2.770000000000000018e+00,5.067583425746044271e-17,1.314439041644220763e-12
-2.770000000000000018e+00,-3.488219704515737779e-15,1.314388365809963302e-12
-2.770000000000000018e+00,1.200376998326520791e-14,1.317876585514479040e-12
-2.770000000000000018e+00,-8.555685441497684798e-15,1.305872815531213832e-12
-2.770000000000000018e+00,5.886950836869030578e-15,1.314428500972711517e-12
-2.770000000000000018e+00,1.033851677406755340e-14,1.308541550135842486e-12
-2.770000000000000018e+00,6.598239961213293034e-15,1.298203033361774933e-12
-2.770000000000000018e+00,1.620524519473543150e-16,1.291604793400561640e-12
-2.770000000000000018e+00,-1.737699376143346370e-14,1.291442740948614285e-12
-2.770000000000000018e+00,2.197150125623068803e-14,1.308819734710047749e-12
-2.770000000000000018e+00,-7.212275851960515460e-15,1.286848233453817061e-12
-2.770000000000000018e+00,-8.358004204236979577e-15,1.294060509305777577e-12
-2.770000000000000018e+00,5.638720997876271333e-15,1.302418513510014556e-12
-2.826999999999999957e+00,-7.565871367141473925e-15,1.296779792512138285e-12
-2.826999999999999957e+00,-1.474653637469684377e-14,1.304345663879279759e-12
-2.826999999999999957e+00,8.731941214991533379e-15,1.319092200253976603e-12
-2.826999999999999957e+00,-8.139447999116023496e-15,1.310360259038985069e-12
-2.826999999999999957e+00,4.928716476756546314e-15,1.318499707038101093e-12
-2.826999999999999957e+00,-2.233500935422206575e-15,1.313570990561344546e-12
-2.826999999999999957e+00,4.617759593066552796e-15,1.315804491496766753e-12
-2.826999999999999957e+00,1.290185321224638537e-15,1.311186731903700200e-12
-2.826999999999999957e+00,1.048940265541995398e-14,1.309896546582475562e-12
-2.826999999999999957e+00,-4.719568189318116346e-15,1.299407143927055608e-12
-2.826999999999999957e+00,3.963060662764071612e-16,1.304126712116373724e-12
-2.826999999999999957e+00,5.675939724125199541e-15,1.303730406050097317e-12
-2.826999999999999957e+00,-1.214817617024676439e-14,1.298054466325972117e-12
-2.826999999999999957e+00,-9.184700386378219146e-16,1.310202642496218882e-12
-2.826999999999999957e+00,1.159168797155951016e-14,1.311121112534856704e-12
-2.826999999999999957e+00,4.148367732901672208e-15,1.299529424563297193e-12
-2.826999999999999957e+00,-7.200006581318160388e-15,1.295381056830395521e-12
-2.826999999999999957e+00,-5.048059651018673732e-15,1.302581063411713682e-12
-2.826999999999999957e+00,8.104971832149659480e-15,1.307629123062732355e-12
-2.826999999999999957e+00,2.266262934648689605e-16,1.299524151230582696e-12
-2.883000000000000007e+00,1.390375584426298077e-14,1.299297524937117827e-12
-2.883000000000000007e+00,-3.182438090485208826e-14,1.285393769092854846e-12
-2.883000000000000007e+00,2.717447961513016345e-14,1.317218149997706934e-12
-2.883000000000000007e+00,-2.966853950382239316e-14,1.290043670382576771e-12
-2.883000000000000007e+00,-3.975107500285870250e-16,1.319712209886399164e-12
-2.883000000000000007e+00,8.765756097104817946e-15,1.320109720636427751e-12
-2.883000000000000007e+00,-3.408760951107509063e-15,1.311343964539322933e-12
